{
  "config": {
    "batch_size": 32,
    "beam_width": 4,
    "beta1": 0.9,
    "beta2": 0.98,
    "block_size": 512,
    "d_ff": 2048,
    "dropout": 0.1,
    "embeddings_dims": 512,
    "epsilon": 1e-9,
    "eval_interval": 1000,
    "generate_samples_interval": 500,
    "grad_clip_max_norm": 1.0,
    "label_smoothing": 0.1,
    "log_interval": 100,
    "max_lr": 0.0006,
    "max_steps": 100000,
    "min_lr": 0.00006,
    "no_of_decoder_layers": 6,
    "no_of_encoder_layers": 6,
    "no_of_heads": 8,
    "repetition_penalty": 1.2,
    "save_interval": 5000,
    "temperature": 1.0,
    "top_k": 50,
    "use_mixed_precision": true,
    "vocab_size": 37000,
    "warmup_steps": 4000,
    "weight_decay": 0.1
  },
  "end_time": "2025-10-27T17:18:46.702178600+00:00",
  "metrics": {
    "gradient_norm": [
      [
        0,
        2.0
      ],
      [
        100,
        1.9
      ],
      [
        200,
        1.8
      ],
      [
        300,
        1.7
      ],
      [
        400,
        1.6
      ],
      [
        500,
        1.5
      ],
      [
        600,
        1.4
      ],
      [
        700,
        1.2999999999999998
      ],
      [
        800,
        1.2
      ],
      [
        900,
        1.1
      ]
    ],
    "learning_rate": [
      [
        0,
        0.0
      ],
      [
        100,
        0.000014999999999999999
      ],
      [
        200,
        0.000029999999999999997
      ],
      [
        300,
        0.000044999999999999996
      ],
      [
        400,
        0.000059999999999999995
      ],
      [
        500,
        0.000075
      ],
      [
        600,
        0.00008999999999999999
      ],
      [
        700,
        0.00010499999999999999
      ],
      [
        800,
        0.00011999999999999999
      ],
      [
        900,
        0.00013499999999999997
      ]
    ],
    "perplexity": [
      [
        0,
        90.01713130052181
      ],
      [
        100,
        73.69979369959579
      ],
      [
        200,
        60.34028759736195
      ],
      [
        300,
        49.40244910553017
      ],
      [
        400,
        40.4473043600674
      ],
      [
        500,
        33.11545195869231
      ],
      [
        600,
        27.112638920657883
      ],
      [
        700,
        22.197951281441625
      ],
      [
        800,
        18.17414536944306
      ],
      [
        900,
        14.879731724872837
      ]
    ],
    "train_loss": [
      [
        0,
        4.5
      ],
      [
        100,
        4.3
      ],
      [
        200,
        4.1
      ],
      [
        300,
        3.9
      ],
      [
        400,
        3.7
      ],
      [
        500,
        3.5
      ],
      [
        600,
        3.3
      ],
      [
        700,
        3.0999999999999996
      ],
      [
        800,
        2.9
      ],
      [
        900,
        2.7
      ]
    ]
  },
  "project": "transformer-training",
  "run": "demo-run",
  "start_time": "2025-10-27T17:18:45.308507700+00:00"
}